{
  "sample_count": 2000,
  "num_sensors": 7,
  "window_size": 60,
  "feature_dim": 1,
  "anomalous_sample_count": 1617,
  "anomalous_sample_ratio": 0.8085,
  "anomaly_point_count": 71260,
  "anomaly_density": 0.08483333140611649,
  "avg_credibility_target": 0.9151666760444641,
  "anomaly_type_counts": {
    "BIAS": 517,
    "DRIFT": 544,
    "NOISE": 544,
    "RANDOM": 577,
    "SPIKE": 524,
    "STUCK_AT": 528
  },
  "sensor_statistics": {
    "temp_1": {
      "mean": 23.983989715576172,
      "std": 5.9449872970581055,
      "min": -39.99868392944336,
      "max": 79.81935119628906,
      "anomaly_ratio": 0.0825333297252655,
      "clean_ratio": 0.9174666404724121
    },
    "humidity_1": {
      "mean": 57.782955169677734,
      "std": 11.141573905944824,
      "min": 0.0385284423828125,
      "max": 108.37287902832031,
      "anomaly_ratio": 0.08254999667406082,
      "clean_ratio": 0.9174500107765198
    },
    "temp_2": {
      "mean": 23.95064926147461,
      "std": 6.405270576477051,
      "min": -39.841941833496094,
      "max": 79.9660415649414,
      "anomaly_ratio": 0.08376666903495789,
      "clean_ratio": 0.9162333011627197
    },
    "humidity_2": {
      "mean": 57.743682861328125,
      "std": 11.20639705657959,
      "min": 0.06561875343322754,
      "max": 106.17333984375,
      "anomaly_ratio": 0.08611666411161423,
      "clean_ratio": 0.9138833284378052
    },
    "soil_1": {
      "mean": 40.14712905883789,
      "std": 10.340339660644531,
      "min": -21.729629516601562,
      "max": 112.58241271972656,
      "anomaly_ratio": 0.08465000241994858,
      "clean_ratio": 0.9153500199317932
    },
    "soil_2": {
      "mean": 40.344932556152344,
      "std": 10.260396003723145,
      "min": -23.441425323486328,
      "max": 110.9796371459961,
      "anomaly_ratio": 0.08661666512489319,
      "clean_ratio": 0.9133833646774292
    },
    "light": {
      "mean": 27303.927734375,
      "std": 11718.9765625,
      "min": 41.905609130859375,
      "max": 65517.63671875,
      "anomaly_ratio": 0.08760000020265579,
      "clean_ratio": 0.9124000072479248
    }
  },
  "output_statistics": {
    "temperature": {
      "mean": 24.020353317260742,
      "std": 4.1117119789123535,
      "min": 12.7749662399292,
      "max": 34.7386474609375
    },
    "humidity": {
      "mean": 57.91522979736328,
      "std": 10.3319730758667,
      "min": 33.32391357421875,
      "max": 80.79522705078125
    },
    "soil_moisture": {
      "mean": 40.11777877807617,
      "std": 8.967440605163574,
      "min": 17.69359588623047,
      "max": 62.79590606689453
    },
    "light": {
      "mean": 27242.79296875,
      "std": 11586.650390625,
      "min": 3697.764404296875,
      "max": 56149.59765625
    }
  }
}